q0_cmd,q0_pos
-0.175000,0.012272
-0.175000,0.012272
-0.153865,0.012272
-0.153865,0.012272
-0.153865,0.012272
-0.136324,0.012272
-0.136324,0.012272
-0.123742,0.012272
-0.123742,0.012272
-0.117100,0.012272
-0.117100,0.012272
-0.116915,0.012272
-0.123201,0.012272
-0.135469,0.012272
-0.135469,0.012272
-0.135469,0.012272
-0.135469,0.012272
-0.152764,0.012272
-0.152764,0.012272
-0.173737,0.012272
-0.173737,0.012272
-0.196757,0.012272
-0.196757,0.012272
-0.220028,0.012272
-0.241740,0.012272
-0.241740,0.012272
-0.241740,0.012272
-0.260201,0.012272
-0.260201,0.010738
-0.273973,0.006136
-0.273973,0.003068
-0.281983,0.000000
-0.281983,-0.003068
-0.283607,-0.006136
-0.283607,-0.010738
-0.278720,-0.013806
-0.278720,-0.019942
-0.267701,-0.024544
-0.267701,-0.027612
-0.231112,-0.029146
-0.231112,-0.032214
-0.231112,-0.035282
-0.208393,-0.035282
-0.208393,-0.039884
-0.185019,-0.042951
-0.185019,-0.044485
-0.162813,-0.047553
-0.143503,-0.049087
-0.143503,-0.053689
-0.143503,-0.056757
-0.128594,-0.059825
-0.128594,-0.062893
-0.119246,-0.064427
-0.119246,-0.067495
-0.116188,-0.069029
-0.116188,-0.073631
-0.119658,-0.079767
-0.119658,-0.081301
-0.129386,-0.084369
-0.129386,-0.087437
-0.164156,-0.092039
-0.164156,-0.093573
-0.164156,-0.096641
-0.164156,-0.098175
-0.186490,-0.101243
-0.186490,-0.102777
-0.209876,-0.105845
-0.209876,-0.108913
-0.232493,-0.111981
-0.232493,-0.118117
-0.252579,-0.121184
-0.252579,-0.122718
-0.268570,-0.125786
-0.268570,-0.128854
-0.279219,-0.131922
-0.279219,-0.133456
-0.283699,-0.136524
-0.283699,-0.138058
-0.281659,-0.141126
-0.281659,-0.144194
-0.273259,-0.147262
-0.273259,-0.148796
-0.259153,-0.153398
-0.259153,-0.156466
-0.240439,-0.159534
-0.240439,-0.162602
-0.218576,-0.164136
-0.218576,-0.167204
-0.195266,-0.168738
-0.195266,-0.173340
-0.172324,-0.176408
-0.172324,-0.179476
-0.151538,-0.182544
-0.151538,-0.184078
-0.134527,-0.184078
-0.134527,-0.184078
-0.116731,-0.182544
-0.116731,-0.181010
-0.116731,-0.179476
-0.124373,-0.179476
-0.124373,-0.176408
-0.124373,-0.174874
-0.124373,-0.171806
-0.124373,-0.167204
-0.137304,-0.164136
-0.137304,-0.161068
-0.155118,-0.158000
-0.155118,-0.154932
-0.176428,-0.151864
-0.176428,-0.145728
-0.199574,-0.144194
-0.199574,-0.144194
-0.222753,-0.144194
-0.222753,-0.144194
-0.244160,-0.144194
-0.262128,-0.145728
-0.262128,-0.148796
-0.262128,-0.151864
-0.275256,-0.156466
-0.275256,-0.159534
-0.282522,-0.162602
-0.283361,-0.167204
-0.283361,-0.171806
-0.283361,-0.173340
-0.277707,-0.176408
-0.277707,-0.179476
-0.266001,-0.184078
-0.249154,-0.185612
-0.249154,-0.188680
-0.228478,-0.193282
-0.228478,-0.196350
-0.228478,-0.197884
-0.205584,-0.199418
-0.182255,-0.200951
-0.182255,-0.204019
-0.182255,-0.207087
-0.160308,-0.210155
-0.141453,-0.211689
-0.141453,-0.211689
-0.127158,-0.211689
-0.127158,-0.211689
-0.127158,-0.210155
-0.118537,-0.208621
-0.116261,-0.208621
-0.116261,-0.207087
-0.120507,-0.204019
-0.120507,-0.199418
-0.130944,-0.193282
-0.130944,-0.190214
-0.146761,-0.187146
-0.146761,-0.184078
-0.166724,-0.181010
-0.166724,-0.177942
-0.189279,-0.174874
-0.189279,-0.171806
-0.212669,-0.168738
-0.212669,-0.165670
-0.235072,-0.164136
-0.235072,-0.162602
-0.254744,-0.162602
-0.270151,-0.162602
-0.270151,-0.162602
-0.270151,-0.164136
-0.280095,-0.165670
-0.280095,-0.168738
-0.283800,-0.171806
-0.283800,-0.174874
-0.280978,-0.177942
-0.280978,-0.182544
-0.271849,-0.185612
-0.271849,-0.187146
-0.257123,-0.193282
-0.257123,-0.196350
-0.237948,-0.197884
-0.237948,-0.200951
-0.215817,-0.204019
-0.215817,-0.205553
-0.132805,-0.208621
-0.132805,-0.211689
-0.132805,-0.213223
-0.132805,-0.214757
-0.132805,-0.217825
-0.132805,-0.217825
-0.132805,-0.217825
-0.132805,-0.214757
-0.121577,-0.211689
-0.121577,-0.211689
-0.116457,-0.211689
-0.116457,-0.211689
-0.117845,-0.210155
-0.117845,-0.208621
-0.125631,-0.207087
-0.125631,-0.205553
-0.139210,-0.202485
-0.179146,-0.199418
-0.179146,-0.193282
-0.179146,-0.190214
-0.179146,-0.187146
-0.179146,-0.184078
-0.202393,-0.181010
-0.202393,-0.179476
-0.225453,-0.176408
-0.246531,-0.174874
-0.246531,-0.173340
-0.246531,-0.170272
-0.263984,-0.170272
-0.263984,-0.171806
-0.276454,-0.173340
-0.276454,-0.174874
-0.282969,-0.179476
-0.282969,-0.182544
-0.283021,-0.185612
-0.283021,-0.187146
-0.276607,-0.190214
-0.276607,-0.193282
-0.264227,-0.199418
-0.264227,-0.202485
-0.246843,-0.205553
-0.246843,-0.208621
-0.225811,-0.211689
-0.225811,-0.213223
-0.202769,-0.214757
-0.202769,-0.216291
-0.179511,-0.219359
-0.179511,-0.222427
-0.157849,-0.223961
-0.139470,-0.223961
-0.139470,-0.223961
-0.139470,-0.223961
-0.125805,-0.222427
-0.125805,-0.220893
-0.117920,-0.219359
-0.117920,-0.214757
-0.116428,-0.211689
-0.116428,-0.210155
-0.121445,-0.208621
-0.121445,-0.207087
-0.132581,-0.204019
-0.132581,-0.199418
-0.148967,-0.196350
-0.148967,-0.193282
-0.169329,-0.190214
-0.169329,-0.187146
-0.192080,-0.185612
-0.192080,-0.181010
-0.215448,-0.174874
-0.215448,-0.171806
-0.237612,-0.170272
-0.237612,-0.168738
-0.256847,-0.168738
-0.280880,-0.168738
-0.280880,-0.173340
-0.280880,-0.174874
-0.280205,-0.177942
-0.280205,-0.182544
-0.280205,-0.185612
-0.280205,-0.187146
-0.280205,-0.191748
-0.255028,-0.194816
-0.255028,-0.196350
-0.235414,-0.199418
-0.235414,-0.202485
-0.235414,-0.207087
-0.235414,-0.210155
-0.213041,-0.213223
-0.213041,-0.214757
-0.189652,-0.217825
-0.189652,-0.219359
-0.167070,-0.222427
-0.167070,-0.223961
-0.147052,-0.225495
-0.126973,-0.225495
-0.126973,-0.223961
-0.126973,-0.220893
-0.126973,-0.219359
-0.126973,-0.216291
-0.126973,-0.213223
-0.126973,-0.211689
-0.126973,-0.210155
-0.126973,-0.207087
-0.126973,-0.205553
-0.126973,-0.200951
-0.141185,-0.197884
-0.141185,-0.191748
-0.159977,-0.188680
-0.159977,-0.185612
-0.181887,-0.182544
-0.181887,-0.179476
-0.205208,-0.176408
-0.205208,-0.174874
-0.228124,-0.173340
-0.228124,-0.171806
-0.248848,-0.170272
-0.248848,-0.168738
-0.265768,-0.168738
-0.265768,-0.168738
-0.277566,-0.171806
-0.277566,-0.173340
-0.283321,-0.176408
-0.283321,-0.179476
-0.282587,-0.184078
-0.282587,-0.187146
-0.275421,-0.188680
-0.275421,-0.191748
-0.262380,-0.194816
-0.262380,-0.196350
-0.244480,-0.202485
-0.244480,-0.205553
-0.223115,-0.208621
-0.223115,-0.211689
-0.199951,-0.214757
-0.199951,-0.216291
-0.176790,-0.219359
-0.176790,-0.222427
-0.155437,-0.223961
-0.155437,-0.223961
-0.137555,-0.223961
-0.137555,-0.222427
-0.124536,-0.220893
-0.124536,-0.219359
-0.117396,-0.216291
-0.117396,-0.213223
-0.116689,-0.211689
-0.116689,-0.208621
-0.122472,-0.204019
-0.134293,-0.200951
-0.134293,-0.197884
-0.134293,-0.194816
-0.151232,-0.188680
-0.151232,-0.187146
-0.171969,-0.184078
-0.171969,-0.181010
-0.194890,-0.177942
-0.218209,-0.176408
-0.218209,-0.173340
-0.240109,-0.171806
-0.240109,-0.168738
-0.240109,-0.168738
-0.258886,-0.167204
-0.258886,-0.167204
-0.273075,-0.168738
-0.273075,-0.170272
-0.281574,-0.173340
-0.281574,-0.174874
-0.283718,-0.179476
-0.283718,-0.182544
-0.279342,-0.185612
-0.279342,-0.187146
-0.268785,-0.190214
-0.268785,-0.196350
-0.252872,-0.199418
-0.252872,-0.202485
-0.232840,-0.205553
-0.210250,-0.207087
-0.210250,-0.210155
-0.210250,-0.213223
-0.186862,-0.214757
-0.186862,-0.217825
-0.164497,-0.219359
-0.164497,-0.220893
-0.144897,-0.220893
-0.129590,-0.219359
-0.129590,-0.216291
-0.129590,-0.214757
-0.119766,-0.211689
-0.119766,-0.210155
-0.116192,-0.208621
-0.116192,-0.207087
-0.119146,-0.205553
-0.119146,-0.202485
-0.128397,-0.199418
-0.128397,-0.191748
-0.143226,-0.188680
-0.143226,-0.185612
-0.162476,-0.184078
-0.184649,-0.179476
-0.184649,-0.177942
-0.184649,-0.174874
-0.208018,-0.173340
-0.208018,-0.168738
-0.230762,-0.167204
-0.230762,-0.165670
-0.251111,-0.165670
-0.267478,-0.165670
-0.267478,-0.165670
-0.278589,-0.167204
-0.278589,-0.170272
-0.278589,-0.173340
-0.283580,-0.176408
-0.282060,-0.179476
-0.282060,-0.184078
-0.282060,-0.187146
-0.274149,-0.191748
-0.274149,-0.194816
-0.260462,-0.197884
-0.260462,-0.199418
-0.242066,-0.204019
-0.242066,-0.208621
-0.220394,-0.211689
-0.220394,-0.214757
-0.197133,-0.216291
-0.174095,-0.217825
-0.174095,-0.220893
-0.153075,-0.222427
-0.153075,-0.222427
-0.153075,-0.222427
-0.135710,-0.219359
-0.123353,-0.217825
-0.123353,-0.216291
-0.116965,-0.213223
-0.116965,-0.210155
-0.117045,-0.208621
-0.117045,-0.208621
-0.123587,-0.205553
-0.123587,-0.202485
-0.136080,-0.197884
-0.136080,-0.194816
-0.153551,-0.191748
-0.153551,-0.187146
-0.174641,-0.184078
-0.174641,-0.181010
-0.197706,-0.177942
-0.197706,-0.174874
-0.220949,-0.173340
-0.220949,-0.171806
-0.242561,-0.170272
-0.242561,-0.168738
-0.260858,-0.168738
-0.260858,-0.168738
-0.274414,-0.170272
-0.274414,-0.171806
-0.282175,-0.174874
-0.283535,-0.177942
-0.283535,-0.181010
-0.283535,-0.185612
-0.278388,-0.187146
-0.278388,-0.193282
-0.267136,-0.196350
-0.267136,-0.197884
-0.250655,-0.200951
-0.250655,-0.207087
-0.230228,-0.210155
-0.230228,-0.213223
-0.207447,-0.214757
-0.207447,-0.217825
-0.184086,-0.219359
-0.184086,-0.220893
-0.161964,-0.222427
-0.161964,-0.222427
-0.142805,-0.220893
-0.142805,-0.219359
-0.128101,-0.216291
-0.128101,-0.211689
-0.118997,-0.208621
-0.118997,-0.208621
-0.116202,-0.207087
-0.116202,-0.204019
-0.119934,-0.200951
-0.119934,-0.197884
-0.129902,-0.193282
-0.129902,-0.191748
-0.145331,-0.188680
-0.145331,-0.185612
-0.165017,-0.182544
-0.165017,-0.176408
-0.187428,-0.173340
-0.187428,-0.171806
-0.210819,-0.170272
-0.210819,-0.167204
-0.233366,-0.165670
-0.233366,-0.164136
-0.253315,-0.162602
-0.253315,-0.162602
-0.269111,-0.162602
-0.269111,-0.162602
-0.279525,-0.164136
-0.279525,-0.170272
-0.281440,-0.173340
-0.281440,-0.176408
-0.281440,-0.181010
-0.281440,-0.182544
-0.272793,-0.185612
-0.258476,-0.187146
-0.258476,-0.190214
-0.239605,-0.193282
-0.239605,-0.199418
-0.239605,-0.202485
-0.217649,-0.205553
-0.194318,-0.207087
-0.194318,-0.210155
-0.194318,-0.213223
-0.171430,-0.214757
-0.150767,-0.217825
-0.150767,-0.219359
-0.133938,-0.219359
-0.133938,-0.219359
-0.122256,-0.219359
-0.122256,-0.214757
-0.116628,-0.211689
-0.117495,-0.210155
-0.117495,-0.208621
-0.124788,-0.205553
-0.124788,-0.202485
-0.124788,-0.199418
-0.124788,-0.196350
-0.137939,-0.193282
-0.155923,-0.190214
-0.155923,-0.187146
-0.177341,-0.184078
-0.177341,-0.181010
-0.200524,-0.177942
-0.200524,-0.174874
-0.223666,-0.173340
-0.223666,-0.170272
